Timestamp,Source_Type,Source_Name,Question,Answer
2025-03-21 00:21:53,youtube,https://www.youtube.com/watch?v=iA-UhFlIP80,what is the main topic ,"The video discusses Retrieval Augmented Generation (RAG) and how to implement it using a vector database (Chroma), cosine similarity, and a large language model (OpenAI).  It explains the three components of RAG: retriever, augmentation, and generation.  The video focuses on building a system to answer user questions based on a set of provided documents (15 in the example).
"
2025-03-21 00:22:15,youtube,https://www.youtube.com/watch?v=iA-UhFlIP80,so can you explain this in detail,"This video demonstrates how to build a Retrieval Augmented Generation (RAG) system.  RAG has three components:

1. **Retrieval:** This component finds documents relevant to the user's query.  In the example, when a user asks about a business's services, the retriever searches the business's website to find the page listing those services.

2. **Augmentation:** The retrieved document is used to augment the original query.  The relevant information from the document is added to the user's initial query.  So, the user's question combined with the information from the website about services forms the augmented query.

3. **Generation:** The augmented query is passed to a generative model (like GPT 3.5).  The model uses both the original query and the retrieved information to generate an accurate response.

The video also shows how to implement this using a Jupyter notebook, chains, and a vector database to store embeddings of the website's content.  The retriever uses these embeddings to find the most similar documents to the user's query.  The demonstration uses OpenAI's GPT 3.5 model with a temperature of 0.4 and a maximum of 500 tokens for the generated response.
"
2025-03-21 00:25:30,pdf,prashant_resume.pdf,what is this pdf,"This PDF is a resume for Prashant Singh, highlighting his education, work experience, skills, and projects in machine learning and related fields.
"
2025-03-21 00:25:47,pdf,prashant_resume.pdf,how many years of experiance he has,"Based on the provided resume, Prashant Singh has had two internships: one from January 2024 to July 2024 (Lsoys Technologies) and another from July 2024 to the present (QubitNets Technologies).  This totals approximately 1 year of experience.
"
2025-03-21 00:26:26,youtube,https://www.youtube.com/watch?v=iA-UhFlIP80,what is the main topic,"The main topic is how Retrieval Augmented Generation (RAG) works, specifically focusing on how to use a vector store (like ChromaDB) as a retriever to enhance Large Language Model (LLM) responses with external data.  The video demonstrates this process using website data, cosine similarity for document retrieval, and OpenAI's LLM for generating responses.
"
2025-04-10 11:12:28,pdf,Transformer.pdf,what is the main topic here and give me a summary thacontais all necessary information,"This document discusses the Transformer, a deep learning architecture for sequence-to-sequence tasks.  Its core innovation is the self-attention mechanism, enabling parallel processing of sequences and capturing long-range dependencies, unlike recurrent networks like RNNs or LSTMs.

The Transformer uses an encoder-decoder structure.  The encoder adds positional encoding to input embeddings and employs multi-head self-attention.  Multi-head self-attention projects input into Query, Key, and Value vectors, computing scaled dot-product attention across multiple heads to capture different relationships.  The decoder similarly uses self-attention and also cross-attention, allowing it to attend to the encoder's output.  Both encoder and decoder utilize layer normalization and residual connections.

Transformers excel due to parallel computation, efficient global context capture, scalability, and their role as the foundation of modern large language models (LLMs).  A key misconception is that transformers process tokens sequentially; they process them in parallel.
"
2025-04-10 11:14:34,youtube,https://www.youtube.com/watch?v=iA-UhFlIP80&t=1236s,what the main topic here,"This video demonstrates how to build a chatbot for a specific website using Retrieval Augmented Generation (RAG).  It uses the Victoria On Move company website as an example, fetching data from it to create a chatbot that can answer questions about the company's services.  The video explains the three components of RAG: retriever, augmentation, and generation.  It focuses on how to use embeddings and vector databases to retrieve relevant information from the website's content to answer user queries.
"
2025-04-10 11:15:26,youtube,https://www.youtube.com/watch?v=iA-UhFlIP80&t=1236s,explain the concept in detail with steps,"The video demonstrates building a chatbot using website data. Here's a breakdown of the process:

1. **Load Data:** Website data is loaded from multiple URLs using the `unstructured URL loader`. This data is initially stored as large text blocks, one for each URL.

2. **Chunk Data:** The large text blocks are split into smaller chunks. This is done because the chatbot will process these smaller chunks when answering user queries, making the process more efficient.

3. **Create Embeddings:**  Each text chunk is converted into a numerical representation called an embedding. This is done using OpenAI's embedding model.  Computers understand numerical data better, and embeddings allow for comparing the meaning of text chunks.

4. **Store Embeddings:** The generated embeddings are stored in a vector database (ChromaDB in this case). This database is optimized for storing and searching vector data.

5. **Retrieval:** When a user asks a question, a retriever component searches the vector database for the text chunks (represented by their embeddings) that are most similar to the user's query.  This uses similarity matching based on the embeddings.

6. **Augmentation:** The retrieved text chunks, which are most relevant to the user's question, are combined with the original user query. This creates an augmented query containing both the user's question and relevant context from the website data.

7. **Generation:** The augmented query is passed to a large language model (LLM). The LLM uses both the original query and the retrieved information to generate a final, accurate response to the user.  This process uses a `document chain` which manages the flow of information between the retriever, the user query, and the LLM.  The chain uses a specified prompt template to structure the interaction with the LLM.
"
2025-04-10 11:15:55,youtube,https://www.youtube.com/watch?v=iA-UhFlIP80&t=1236s,give me a brief summary for this,"This video explains how Retrieval Augmented Generation (RAG) works.  RAG uses three components: retrieval, augmentation, and generation.  First, the retriever finds relevant documents matching the user's query. Then, the augmentation component adds information from these documents to the user's original query. Finally, the generation component (an LLM) uses this augmented query to create a more accurate response. The video also demonstrates how to implement RAG using Python code, including embedding creation and storage in a vector database (Chroma).
"
2025-04-10 11:29:08,youtube,https://www.youtube.com/watch?v=iA-UhFlIP80&t=1236s,what is the main topic here ,"This video tutorial demonstrates how to build a chatbot for a movers and packers company website using Retrieval Augmented Generation (RAG).  It covers loading website data, creating embeddings, storing them in a vector database, retrieving relevant documents based on user queries using cosine similarity, and finally, generating responses using a large language model.
"
